id;code_garantie_technique;code_etat_garantie;date_adhesion_garantie;date_radiation_garantie;code_assureur;code_formule;code_pack;type_pack;titre_pack;code_sous_pack;type_sous_pack;titre_sous_pack;code_type_prestations
1;trusting drat ew;atop uncomfortable yawningly;2025-08-22;2025-08-22;ah;etch;oh ham;as like exhaust;if polished relaunch;circa masticate duh;jealously;hm phew big;pulse afterwards
2;obsess how geez;pink throughout yum;2025-08-22;2025-08-21;notwithstanding;gah noteworthy;alongside once;considering chunter;yippee um fooey;chunter stingy near;including;industrialize mostly;easy upside-down uncommon
3;sternly;why why;2025-08-22;2025-08-21;off haunting;clear;aw for;ouch;exhaust ha;past;lox respectful;strictly;in
4;rebel inscribe;snappy rapid;2025-08-22;2025-08-22;wherever when;unlike;among weakly;solemnly which;boo browse;like;anenst;give ah hence;gadzooks lift nicely
5;yet opposite during;huzzah to;2025-08-21;2025-08-21;adjudge;eek solution outside;claw than final;potentially;pfft;rotating;present harp;volunteer reservation;soon yowza to
6;past;relaunch glossy;2025-08-22;2025-08-21;quizzically;um quick;behind um gosh;soupy fluffy devil;light authorized;what think;yowza;by truthfully valiantly;unless times under
7;ape;merit;2025-08-22;2025-08-22;brr ack aha;since sanity;bind newsstand oof;westernize hospitalization gadzooks;and;matter over likely;closed wholly lest;miskey tankful down;modulo acquire tremendously
8;oddly crest;stay tooth;2025-08-22;2025-08-22;out like;yesterday mmm;any;belabor onto;flash;ugh ha unbalance;hmph if round;aw fantastic;redress
9;wicked minus;unruly but;2025-08-22;2025-08-21;spellcheck smoke;but bin putrid;pfft knotty delirious;outlaw because;trouser gee nor;however;geez meh;but zowie;deed consequently
10;yuck pluck splurge;unexpectedly victoriously;2025-08-22;2025-08-22;gee gosh briefly;innocently or aha;the boo;spear old;miserly;duh utilized bonfire;during plus;whenever ugh;politely
